Unique Key,Created Date,Agency Name,Complaint Type,Descriptor,Location Type,Landmark,Borough,Incident Zip,Latitude,Longitude,Location
38092317,1/2/2018 9:20,Department of Parks and Recreation,Maintenance or Facility,Structure - Indoors,Park,CENTRAL PARK,MANHATTAN,10000,40.78229521,-73.96519444,"(40.782295208794295, -73.96519444362545)"
38096256,1/3/2018 13:47,Taxi and Limousine Commission,Taxi Complaint,Driver Complaint,Street,LA GUARDIA AIRPORT,QUEENS,11369,40.77442087,-73.87729411,"(40.77442086598845, -73.87729410513894)"
38108295,1/4/2018 10:17,Taxi and Limousine Commission,Taxi Complaint,Driver Complaint,Street,LA GUARDIA AIRPORT,QUEENS,11369,40.77442087,-73.87729411,"(40.77442086598845, -73.87729410513894)"
38139574,1/7/2018 11:17,Department of Parks and Recreation,Maintenance or Facility,Snow or Ice,Street/Curbside,ISHAM PARK,MANHATTAN,10034,40.87023791,-73.91972817,"(40.87023791438702, -73.91972816874608)"
38151954,1/8/2018 10:16,Department of Transportation,Bus Stop Shelter Complaint,Snow Removal Requested,Bus Stop Shelter,KINGSBOROUGH COMMUNITY COLLEGE,BROOKLYN,11235,40.57790383,-73.93535012,"(40.577903827726615, -73.93535012227942)"
38162392,1/9/2018 12:37,Taxi and Limousine Commission,Taxi Complaint,Insurance Information Requested,Street,LA GUARDIA AIRPORT,QUEENS,11369,40.77442087,-73.87729411,"(40.77442086598845, -73.87729410513894)"
38188323,1/11/2018 12:13,New York City Police Department,Noise - Park,Loud Music/Party,Park/Playground,CENTRAL PARK,MANHATTAN,10000,40.78229521,-73.96519444,"(40.782295208794295, -73.96519444362545)"
38192675,1/12/2018 13:29,Department of Parks and Recreation,Maintenance or Facility,Structure - Outdoors,Park,WASHINGTON SQUARE PARK,MANHATTAN,10011,40.73088313,-73.99759338,"(40.730883132114464, -73.9975933816647)"
38191032,1/12/2018 16:11,Taxi and Limousine Commission,Taxi Complaint,Driver Complaint,Street,CONEY ISLAND HOSPITAL,BROOKLYN,11235,40.58615127,-73.9655919,"(40.586151272301464, -73.96559189570597)"
38215016,1/15/2018 14:18,Department of Parks and Recreation,Maintenance or Facility,Structure - Outdoors,Park,CENTRAL PARK,MANHATTAN,10000,40.78229521,-73.96519444,"(40.782295208794295, -73.96519444362545)"
38258646,1/19/2018 6:35,Department of Health and Mental Hygiene,Food Establishment,Bare Hands in Contact w/ Food,Restaurant/Bar/Deli/Bakery,LGA,QUEENS,11369,40.77442087,-73.87729411,"(40.77442086598845, -73.87729410513894)"
38257035,1/19/2018 7:24,New York City Police Department,Traffic,Congestion/Gridlock,Street/Sidewalk,J F K AIRPORT,QUEENS,11430,40.64832049,-73.78828125,"(40.64832048620134, -73.78828125130184)"
38259389,1/20/2018 15:59,New York City Police Department,Traffic,Chronic Speeding,Street/Sidewalk,FT TOTTEN,QUEENS,11359,40.79132558,-73.77665278,"(40.79132557568007, -73.77665277688718)"
38271358,1/21/2018 15:28,Department of Parks and Recreation,Violation of Park Rules,Obstructing Public Use,Park,FLUSHING MEADOWS CORONA PARK,QUEENS,11368,40.74237706,-73.84215698,"(40.742377064999275, -73.84215697754966)"
38314991,1/26/2018 10:19,Taxi and Limousine Commission,Taxi Complaint,Insurance Information Requested,Street,PENNSYLVANIA STATION,MANHATTAN,10121,40.75006595,-73.99210676,"(40.75006595421169, -73.9921067617765)"
38321073,1/27/2018 12:45,New York City Police Department,Noise - Park,Loud Music/Party,Park/Playground,CENTRAL PARK,MANHATTAN,10000,40.78229521,-73.96519444,"(40.782295208794295, -73.96519444362545)"
38332354,1/29/2018 8:05,Taxi and Limousine Commission,For Hire Vehicle Complaint,Driver Complaint,Street,LA GUARDIA AIRPORT,QUEENS,11369,40.77442087,-73.87729411,"(40.77442086598845, -73.87729410513894)"
38337395,1/29/2018 13:16,Taxi and Limousine Commission,Taxi Complaint,Insurance Information Requested,Street,LA GUARDIA AIRPORT,QUEENS,11369,40.77442087,-73.87729411,"(40.77442086598845, -73.87729410513894)"
38345509,1/30/2018 11:08,Department of Parks and Recreation,Maintenance or Facility,Structure - Outdoors,Park,DEVOE PARK,BRONX,10468,40.8631302,-73.90654452,"(40.863130202365284, -73.90654451754935)"
38366338,2/1/2018 0:00,Department of Health and Mental Hygiene,Food Poisoning,1 or 2,Restaurant/Bar/Deli/Bakery,GRAND CENTRAL TERM,Unspecified,10017,40.75252054,-73.97730475,"(40.75252053759573, -73.97730475021692)"
38380975,2/3/2018 17:11,Department of Transportation,Bus Stop Shelter Complaint,Sign Missing or Defective,Bus Stop Shelter,J F K AIRPORT,QUEENS,11430,40.64832049,-73.78828125,"(40.64832048620134, -73.78828125130184)"
38391535,2/5/2018 18:51,New York City Police Department,Traffic,Congestion/Gridlock,Street/Sidewalk,BRONX ZOO,BRONX,10460,40.85023185,-73.87632289,"(40.85023185062718, -73.87632289476633)"
38389392,2/5/2018 19:04,New York City Police Department,Traffic,Congestion/Gridlock,Street/Sidewalk,BRONX ZOO,BRONX,10460,40.85023185,-73.87632289,"(40.85023185062718, -73.87632289476633)"
38399834,2/6/2018 11:18,Department of Parks and Recreation,DPR Internal,Aided/Injury,Park,TREMONT PARK,BRONX,10457,40.84525269,-73.89548087,"(40.84525268735153, -73.89548087195158)"
38398695,2/6/2018 13:01,New York City Police Department,Noise - Park,Loud Music/Party,Park/Playground,UNION SQUARE PARK,MANHATTAN,10003,40.73595507,-73.99047744,"(40.73595506911933, -73.99047743742598)"
38413247,2/7/2018 9:52,New York City Police Department,Illegal Parking,Double Parked Blocking Vehicle,Street/Sidewalk,BELLEVUE HOSPITAL,MANHATTAN,10016,40.73950195,-73.97610752,"(40.7395019493679, -73.97610752413196)"
38431183,2/10/2018 9:39,New York City Police Department,Noise - Street/Sidewalk,Loud Music/Party,Street/Sidewalk,CITY HALL,MANHATTAN,10007,40.71274564,-74.0060095,"(40.71274563665573, -74.00600949796177)"
38440574,2/11/2018 10:20,Department of Parks and Recreation,Maintenance or Facility,Structure - Indoors,Park,SARA D ROOSEVELT PARK,MANHATTAN,10002,40.72170713,-73.99155094,"(40.72170712534195, -73.991550938343)"
38450440,2/12/2018 15:22,New York City Police Department,Traffic,Congestion/Gridlock,Street/Sidewalk,GRAND ARMY PLAZA,BROOKLYN,11238,40.67399127,-73.97011778,"(40.67399126989863, -73.97011777647462)"
38504394,2/19/2018 6:42,New York City Police Department,Blocked Driveway,Partial Access,Street/Sidewalk,SUMNER PLAYGROUND,BROOKLYN,11206,40.69730051,-73.94278956,"(40.69730050814071, -73.94278955777297)"
38507323,2/20/2018 3:11,New York City Police Department,Noise - Park,Loud Talking,Park/Playground,BATTERY PARK,MANHATTAN,10004,40.70288007,-74.01552284,"(40.70288006660316, -74.01552284013026)"
38508194,2/20/2018 19:28,New York City Police Department,Noise - Park,Loud Music/Party,Park/Playground,JACKIE ROBINSON PARK,MANHATTAN,10031,40.8265853,-73.9411319,"(40.82658529966099, -73.94113190263612)"
38512625,2/20/2018 22:55,New York City Police Department,Illegal Parking,Posted Parking Sign Violation,Street/Sidewalk,LA GUARDIA AIRPORT,QUEENS,11369,40.77442087,-73.87729411,"(40.77442086598845, -73.87729410513894)"
38516178,2/21/2018 17:12,New York City Police Department,Noise - Park,Loud Music/Party,Park/Playground,CENTRAL PARK,MANHATTAN,10000,40.78229521,-73.96519444,"(40.782295208794295, -73.96519444362545)"
38525169,2/22/2018 0:00,Department of Health and Mental Hygiene,Food Poisoning,1 or 2,Other (Explain Below),JFK,Unspecified,11430,40.64832049,-73.78828125,"(40.64832048620134, -73.78828125130184)"
38524295,2/22/2018 11:23,Taxi and Limousine Commission,Taxi Complaint,Driver Complaint,Street,J F K AIRPORT,QUEENS,11430,40.64832049,-73.78828125,"(40.64832048620134, -73.78828125130184)"
38530918,2/23/2018 8:45,Taxi and Limousine Commission,Found Property,Electronics/Phones,Taxi,LA GUARDIA AIRPORT,QUEENS,11369,40.77442087,-73.87729411,"(40.77442086598845, -73.87729410513894)"
38548856,2/25/2018 10:21,New York City Police Department,Illegal Parking,Posted Parking Sign Violation,Street/Sidewalk,CONEY ISLAND BOARDWALK,BROOKLYN,11235,40.57328132,-73.97869751,"(40.573281324698655, -73.97869750720577)"
38546483,2/25/2018 15:06,Department of Parks and Recreation,DPR Internal,Property,Park,WASHINGTON SQUARE PARK,MANHATTAN,10011,40.73088313,-73.99759338,"(40.730883132114464, -73.9975933816647)"
38548870,2/25/2018 20:55,New York City Police Department,Noise - Park,Loud Talking,Park/Playground,HARMONY PARK,BROOKLYN,11213,40.67793719,-73.93444557,"(40.677937185486186, -73.93444557131045)"
38572548,2/28/2018 22:55,New York City Police Department,Noise - Park,Loud Talking,Park/Playground,UNION SQUARE PARK,MANHATTAN,10003,40.73595507,-73.99047744,"(40.73595506911933, -73.99047743742598)"
38584326,3/1/2018 7:46,Department of Transportation,Street Condition,"Rough, Pitted or Cracked Roads",Street,BRONX ZOO,BRONX,10460,40.85023185,-73.87632289,"(40.85023185062718, -73.87632289476633)"
38583265,3/1/2018 8:56,Department of Transportation,Street Condition,"Rough, Pitted or Cracked Roads",Street,BRONX ZOO,BRONX,10460,40.85023185,-73.87632289,"(40.85023185062718, -73.87632289476633)"
38582923,3/2/2018 8:30,Department of Parks and Recreation,DPR Internal,Aided/Injury,Park,HUDSON RIVER PARK,MANHATTAN,10011,40.74980512,-74.00897956,"(40.74980512361341, -74.00897956095878)"
38587726,3/2/2018 19:28,Department of Parks and Recreation,Damaged Tree,Branch or Limb Has Fallen Down,Street,FOREST PARK,QUEENS,11385,40.70251221,-73.85256622,"(40.702512212819265, -73.85256622293014)"
38610760,3/4/2018 13:42,Taxi and Limousine Commission,Taxi Complaint,Insurance Information Requested,Street,LA GUARDIA AIRPORT,QUEENS,11369,40.77442087,-73.87729411,"(40.77442086598845, -73.87729410513894)"
38613682,3/5/2018 9:22,New York City Police Department,Traffic,Congestion/Gridlock,Street/Sidewalk,LA GUARDIA AIRPORT,QUEENS,11369,40.77442087,-73.87729411,"(40.77442086598845, -73.87729410513894)"
38625880,3/6/2018 9:15,Department of Parks and Recreation,DPR Internal,Aided/Injury,Park,CARL SCHURZ PARK,MANHATTAN,10028,40.77501591,-73.94371568,"(40.77501591276052, -73.94371568311053)"
38635039,3/7/2018 10:52,Department of Parks and Recreation,Damaged Tree,Entire Tree Has Fallen Down,Street,LEHMAN COLLEGE,BRONX,10468,40.87275095,-73.89448307,"(40.872750945866215, -73.89448307058163)"
38642980,3/8/2018 17:17,Department of Parks and Recreation,Maintenance or Facility,Garbage or Litter,Street/Curbside,CITI FIELD,QUEENS,11368,40.75655776,-73.84513732,"(40.75655775599275, -73.84513732359324)"
38654144,3/9/2018 14:27,Department of Parks and Recreation,Violation of Park Rules,Obstructing Public Use,Street/Curbside,CENTRAL PARK,MANHATTAN,10000,40.78229521,-73.96519444,"(40.782295208794295, -73.96519444362545)"
38654837,3/9/2018 17:52,Department of Parks and Recreation,Violation of Park Rules,Unsafe Use of Playground,Park,RIVERSIDE PARK,MANHATTAN,10025,40.80024518,-73.97335875,"(40.800245180318555, -73.97335875005403)"
38659109,3/10/2018 9:12,Department of Parks and Recreation,Violation of Park Rules,Obstructing Public Use,Park,VIRGINIA PLAYGROUND,BRONX,10460,40.83428284,-73.86223368,"(40.83428283678711, -73.86223368024025)"
38659147,3/10/2018 11:24,Department of Parks and Recreation,Animal in a Park,Dog Off Leash,Park,EAST RIVER PARK,MANHATTAN,10002,40.71381104,-73.97617445,"(40.713811040292896, -73.97617444840935)"
38658160,3/10/2018 18:01,New York City Police Department,Traffic,Congestion/Gridlock,Street/Sidewalk,BROOKLYN BRIDGE,BROOKLYN,11201,40.70384711,-73.99395524,"(40.703847111924425, -73.99395523760629)"
38664831,3/11/2018 15:24,Department of Parks and Recreation,Maintenance or Facility,Structure - Outdoors,Street/Curbside,PROSPECT PARK,BROOKLYN,11215,40.6613542,-73.9696801,"(40.66135420007725, -73.96968010080575)"
38684603,3/13/2018 9:05,Department of Parks and Recreation,DPR Internal,Aided/Injury,Park,FORT TOTTEN,QUEENS,11359,40.79132558,-73.77665278,"(40.79132557568007, -73.77665277688718)"
38684890,3/13/2018 13:58,Department of Parks and Recreation,DPR Internal,Aided/Injury,Park,FLUSHING MEADOWS CORONA PARK,QUEENS,11368,40.74237706,-73.84215698,"(40.742377064999275, -73.84215697754966)"
38706527,3/16/2018 10:30,Department of Parks and Recreation,Animal in a Park,Dead Animal,Park,CENTRAL PARK,MANHATTAN,10000,40.78229521,-73.96519444,"(40.782295208794295, -73.96519444362545)"
38705422,3/16/2018 14:19,Department of Parks and Recreation,DPR Internal,Property,Park,CENTRAL PARK,MANHATTAN,10000,40.78229521,-73.96519444,"(40.782295208794295, -73.96519444362545)"
38715025,3/17/2018 15:24,Department of Parks and Recreation,DPR Internal,Property,Park,CENTRAL PARK,MANHATTAN,10000,40.78229521,-73.96519444,"(40.782295208794295, -73.96519444362545)"
38734483,3/19/2018 9:06,Department of Parks and Recreation,Animal in a Park,Removing Wildlife,Beach,ORCHARD BEACH,BRONX,10464,40.86582898,-73.79319996,"(40.865828984810776, -73.79319996009694)"
38728061,3/19/2018 9:32,Department of Parks and Recreation,Animal in a Park,Dead Animal,Park,FORT TRYON PARK,MANHATTAN,10040,40.86138133,-73.93354533,"(40.86138132660212, -73.93354532527394)"
38727363,3/19/2018 15:40,New York City Police Department,Vending,Unlicensed,Park/Playground,CENTRAL PARK,MANHATTAN,10000,40.78229521,-73.96519444,"(40.782295208794295, -73.96519444362545)"
38742384,3/20/2018 13:52,Department of Parks and Recreation,DPR Internal,Aided/Injury,Park,HUDSON RIVER PARK,MANHATTAN,10011,40.74980512,-74.00897956,"(40.74980512361341, -74.00897956095878)"
38752739,3/21/2018 0:00,Department of Health and Mental Hygiene,Food Poisoning,1 or 2,Restaurant/Bar/Deli/Bakery,J F K AIRPORT,Unspecified,11430,40.64832049,-73.78828125,"(40.64832048620134, -73.78828125130184)"
38745920,3/21/2018 4:15,New York City Police Department,Derelict Vehicle,With License Plate,Street/Sidewalk,MAURICE PARK,QUEENS,11378,40.72747323,-73.90477926,"(40.72747322528817, -73.90477926000487)"
38753682,3/22/2018 17:25,New York City Police Department,Derelict Vehicle,With License Plate,Street/Sidewalk,KENNEDY AIRPORT,QUEENS,11430,40.64832049,-73.78828125,"(40.64832048620134, -73.78828125130184)"
38765215,3/23/2018 9:28,Department of Parks and Recreation,Maintenance or Facility,Structure - Indoors,Park,INWOOD HILL PARK,MANHATTAN,10034,40.87244554,-73.92513113,"(40.8724455362315, -73.92513113415541)"
38766927,3/23/2018 12:50,Department of Parks and Recreation,DPR Internal,Lost/Missing Person,Park,BROOKLYN BRIDGE PARK,BROOKLYN,11201,40.70143729,-73.99592462,"(40.70143729448085, -73.99592462136417)"
38767671,3/23/2018 14:21,Department of Parks and Recreation,DPR Internal,Aided/Injury,Park,CONEY ISLAND BOARDWALK,BROOKLYN,11235,40.57328132,-73.97869751,"(40.573281324698655, -73.97869750720577)"
38761866,3/23/2018 14:49,Department of Parks and Recreation,Violation of Park Rules,Obstructing Public Use,Park,FLUSHING MEADOWS CORONA PARK,QUEENS,11368,40.74237706,-73.84215698,"(40.742377064999275, -73.84215697754966)"
38768241,3/23/2018 15:23,Department of Parks and Recreation,DPR Internal,Aided/Injury,Recreation Center,ROY WILKINS RECREATION CENTER,QUEENS,11434,40.68693895,-73.76936903,"(40.68693894727118, -73.76936903343639)"
38772177,3/24/2018 21:01,Department of Parks and Recreation,Damaged Tree,Tree Leaning/Uprooted,Street,ST JOHNS UNIVERSITY,QUEENS,11432,40.72208714,-73.79473551,"(40.72208713776957, -73.79473550751592)"
38781132,3/25/2018 15:25,Department of Parks and Recreation,Violation of Park Rules,Unlicensed Vendors,Street/Curbside,CENTRAL PARK,MANHATTAN,10000,40.78229521,-73.96519444,"(40.782295208794295, -73.96519444362545)"
38785947,3/26/2018 13:47,Department of Parks and Recreation,DPR Internal,Aided/Injury,Park,WASHINGTON SQUARE PARK,MANHATTAN,10011,40.73088313,-73.99759338,"(40.730883132114464, -73.9975933816647)"
38800659,3/27/2018 12:31,Department of Parks and Recreation,Maintenance or Facility,Unsecured Facility,Street/Curbside,CENTRAL PARK,MANHATTAN,10000,40.78229521,-73.96519444,"(40.782295208794295, -73.96519444362545)"
38816939,3/29/2018 18:05,New York City Police Department,Illegal Parking,Double Parked Blocking Traffic,Street/Sidewalk,J F K AIRPORT,QUEENS,11430,40.64832049,-73.78828125,"(40.64832048620134, -73.78828125130184)"
38835963,4/1/2018 12:55,Department of Parks and Recreation,New Tree Request,For One Address,Street,CITY HALL,MANHATTAN,10007,40.71274564,-74.0060095,"(40.71274563665573, -74.00600949796177)"
38848976,4/3/2018 14:44,Taxi and Limousine Commission,Taxi Complaint,Driver Complaint,Street,J F K AIRPORT,QUEENS,11430,40.64832049,-73.78828125,"(40.64832048620134, -73.78828125130184)"
38873008,4/6/2018 10:29,Department of Parks and Recreation,Maintenance or Facility,Structure - Outdoors,Street/Curbside,WASHINGTON MARKET PARK,MANHATTAN,10007,40.71705176,-74.01143538,"(40.71705175557331, -74.01143537776485)"
38882154,4/7/2018 9:35,Department of Parks and Recreation,Animal in a Park,Dog Off Leash,Park,PROSPECT PARK,BROOKLYN,11215,40.6613542,-73.9696801,"(40.66135420007725, -73.96968010080575)"
38887963,4/8/2018 11:49,Department of Parks and Recreation,Violation of Park Rules,Obstructing Public Use,Park,GREEN CENTRAL KNOLL,BROOKLYN,11206,40.70198059,-73.93308389,"(40.70198059210182, -73.93308389490011)"
38890672,4/8/2018 13:21,Department of Parks and Recreation,Violation of Park Rules,Unlicensed Vendors,Park,CENTRAL PARK,MANHATTAN,10000,40.78229521,-73.96519444,"(40.782295208794295, -73.96519444362545)"
38888924,4/8/2018 13:53,Department of Parks and Recreation,Violation of Park Rules,Obstructing Public Use,Park,VAN CORTLANDT PARK,BRONX,10471,40.8958647,-73.89229422,"(40.89586469711286, -73.89229421538577)"
38889995,4/8/2018 14:39,Department of Parks and Recreation,Maintenance or Facility,Structure - Outdoors,Street/Curbside,CENTRAL PARK,MANHATTAN,10000,40.78229521,-73.96519444,"(40.782295208794295, -73.96519444362545)"
38888170,4/8/2018 14:39,New York City Police Department,Noise - Park,Loud Music/Party,Park/Playground,CENTRAL PARK,MANHATTAN,10000,40.78229521,-73.96519444,"(40.782295208794295, -73.96519444362545)"
38901199,4/10/2018 11:30,Department of Parks and Recreation,Maintenance or Facility,Structure - Outdoors,Park,CENTRAL PARK,MANHATTAN,10000,40.78229521,-73.96519444,"(40.782295208794295, -73.96519444362545)"
38917859,4/11/2018 11:37,New York City Police Department,Noise - Park,Loud Music/Party,Park/Playground,RIVERSIDE PARK,MANHATTAN,10025,40.80024518,-73.97335875,"(40.800245180318555, -73.97335875005403)"
38912416,4/11/2018 12:24,New York City Police Department,Illegal Parking,Double Parked Blocking Vehicle,Street/Sidewalk,YORK COLLEGE,QUEENS,11433,40.70190368,-73.79562356,"(40.70190368265534, -73.795623556072)"
38928327,4/13/2018 16:04,New York City Police Department,Illegal Parking,Posted Parking Sign Violation,Street/Sidewalk,PROSPECT PARK,BROOKLYN,11215,40.6613542,-73.9696801,"(40.66135420007725, -73.96968010080575)"
38933252,4/13/2018 16:46,Taxi and Limousine Commission,Taxi Complaint,Driver Complaint,Street,J F K AIRPORT,QUEENS,11430,40.64832049,-73.78828125,"(40.64832048620134, -73.78828125130184)"
38927566,4/13/2018 17:31,New York City Police Department,Noise - Park,Loud Music/Party,Park/Playground,CENTRAL PARK,MANHATTAN,10000,40.78229521,-73.96519444,"(40.782295208794295, -73.96519444362545)"
38938809,4/14/2018 7:35,New York City Police Department,Noise - Park,Loud Music/Party,Park/Playground,SUNSET PARK,BROOKLYN,11232,40.6480432,-74.00384148,"(40.64804319715383, -74.00384148403383)"
38936143,4/14/2018 13:26,New York City Police Department,Illegal Parking,Parking Permit Improper Use,Street/Sidewalk,CENTRAL PARK,MANHATTAN,10000,40.78229521,-73.96519444,"(40.782295208794295, -73.96519444362545)"
38941246,4/14/2018 14:30,Department of Parks and Recreation,DPR Internal,Aided/Injury,Beach,ORCHARD BEACH,BRONX,10464,40.86582898,-73.79319996,"(40.865828984810776, -73.79319996009694)"
38942302,4/14/2018 15:34,Department of Parks and Recreation,DPR Internal,Aided/Injury,Park,COLONEL CHARLES YOUNG PLAYGROUND,MANHATTAN,10037,40.81919903,-73.9355601,"(40.81919903067389, -73.93556009937095)"
38952542,4/16/2018 21:13,New York City Police Department,Noise - Park,Loud Music/Party,Park/Playground,BRIZZI PLAYGROUND,BROOKLYN,11219,40.64242182,-73.99464544,"(40.64242181827441, -73.99464543680857)"
38961280,4/17/2018 12:55,New York City Police Department,Noise - Park,Loud Music/Party,Park/Playground,UNION SQUARE PARK,MANHATTAN,10003,40.73595507,-73.99047744,"(40.73595506911933, -73.99047743742598)"
39005324,4/22/2018 14:38,New York City Police Department,Drinking,In Public,Park/Playground,CENTRAL PARK,MANHATTAN,10000,40.78229521,-73.96519444,"(40.782295208794295, -73.96519444362545)"
39002183,4/22/2018 21:48,New York City Police Department,Noise - Vehicle,Car/Truck Music,Street/Sidewalk,MEADOW LAKE,QUEENS,11367,40.73619707,-73.84103136,"(40.73619707023759, -73.84103135759476)"
39015841,4/23/2018 14:41,New York City Police Department,Traffic,Congestion/Gridlock,Street/Sidewalk,LAGUARDIA AIRPORT,QUEENS,11369,40.77442087,-73.87729411,"(40.77442086598845, -73.87729410513894)"
39007039,4/23/2018 19:20,New York City Police Department,Noise - Park,Loud Music/Party,Park/Playground,WOLFES POND,STATEN ISLAND,10309,40.51553296,-74.19252084,"(40.51553296107795, -74.19252083914577)"
39031065,4/25/2018 10:30,Department of Parks and Recreation,Maintenance or Facility,Structure - Outdoors,Street/Curbside,PROSPECT PARK,BROOKLYN,11215,40.6613542,-73.9696801,"(40.66135420007725, -73.96968010080575)"
39034725,4/26/2018 13:26,Department of Parks and Recreation,Violation of Park Rules,Unsafe Use of Playground,Park,CROCHERON PARK,QUEENS,11361,40.77212079,-73.7670414,"(40.77212078590735, -73.76704139503545)"
39041707,4/26/2018 13:55,Department of Parks and Recreation,Maintenance or Facility,Structure - Outdoors,Park,BENSONHURST PARK,BROOKLYN,11214,40.59727286,-74.00082461,"(40.597272859567674, -74.00082460689573)"
39035768,4/26/2018 17:09,New York City Police Department,Noise - Street/Sidewalk,Loud Music/Party,Street/Sidewalk,CENTRAL PARK,MANHATTAN,10000,40.78229521,-73.96519444,"(40.782295208794295, -73.96519444362545)"
39049852,4/27/2018 7:06,New York City Police Department,Noise - Park,Loud Music/Party,Park/Playground,SUNSET PARK,BROOKLYN,11232,40.6480432,-74.00384148,"(40.64804319715383, -74.00384148403383)"
39046980,4/27/2018 13:55,Department of Parks and Recreation,Maintenance or Facility,Structure - Indoors,Recreation Center,TONY DAPOLITO RECREATION CENTER,MANHATTAN,10014,40.7295875,-74.00545177,"(40.72958750370325, -74.00545176852266)"
39045173,4/27/2018 14:55,New York City Police Department,Noise - Park,Loud Music/Party,Park/Playground,WASHINGTON SQUARE PARK,MANHATTAN,10011,40.73088313,-73.99759338,"(40.730883132114464, -73.9975933816647)"
39053807,4/28/2018 10:13,Department of Parks and Recreation,DPR Internal,Aided/Injury,Recreation Center,EAST 54 STREET RECREATION CTR,MANHATTAN,10022,40.75652481,-73.96507436,"(40.75652480791106, -73.96507435728908)"
39055235,4/28/2018 10:19,New York City Police Department,Noise - Park,Loud Music/Party,Park/Playground,PROSPECT PARK,BROOKLYN,11215,40.6613542,-73.9696801,"(40.66135420007725, -73.96968010080575)"
39057546,4/28/2018 11:47,Department of Parks and Recreation,Violation of Park Rules,Obstructing Public Use,Park,UNION SQUARE PARK,MANHATTAN,10003,40.73595507,-73.99047744,"(40.73595506911933, -73.99047743742598)"
39053671,4/28/2018 13:23,New York City Police Department,Noise - Park,Loud Talking,Park/Playground,PROSPECT PARK,BROOKLYN,11215,40.6613542,-73.9696801,"(40.66135420007725, -73.96968010080575)"
39055035,4/28/2018 13:45,Department of Parks and Recreation,DPR Internal,Aided/Injury,Recreation Center,EAST 54 STREET RECREATION CTR,MANHATTAN,10022,40.75652481,-73.96507436,"(40.75652480791106, -73.96507435728908)"
39055422,4/28/2018 14:01,New York City Police Department,Vending,In Prohibited Area,Park/Playground,CENTRAL PARK,MANHATTAN,10000,40.78229521,-73.96519444,"(40.782295208794295, -73.96519444362545)"
39051474,4/28/2018 16:35,New York City Police Department,Noise - Park,Loud Music/Party,Park/Playground,CENTRAL PARK,MANHATTAN,10000,40.78229521,-73.96519444,"(40.782295208794295, -73.96519444362545)"
39054647,4/28/2018 17:33,Department of Transportation,Sidewalk Condition,Blocked - Construction,Sidewalk,GRANTS TOMB,MANHATTAN,10027,40.81341702,-73.96306119,"(40.813417016545515, -73.96306118523107)"
39060647,4/29/2018 10:19,New York City Police Department,Illegal Parking,Posted Parking Sign Violation,Street/Sidewalk,GREAT KILLS,STATEN ISLAND,10306,40.540936,-74.13497407,"(40.54093600401107, -74.13497406598722)"
39066814,4/30/2018 8:44,Department of Parks and Recreation,Maintenance or Facility,Structure - Indoors,Park,PELHAM BAY PARK,BRONX,10465,40.85690624,-73.8248876,"(40.8569062428053, -73.82488760016611)"
39064738,4/30/2018 10:24,Department of Parks and Recreation,Animal in a Park,Domestic Strays,Park,CROTONA PARK,BRONX,10457,40.83794057,-73.89525384,"(40.83794057379697, -73.89525384010201)"
39070171,4/30/2018 15:26,Department of Parks and Recreation,Maintenance or Facility,Grass/Weeds,Street/Curbside,J F K AIRPORT,QUEENS,11430,40.64832049,-73.78828125,"(40.64832048620134, -73.78828125130184)"
39067087,4/30/2018 19:28,New York City Police Department,Noise - Park,Loud Music/Party,Park/Playground,VICTORY FIELD,QUEENS,11385,40.70157178,-73.85336535,"(40.70157177772394, -73.85336534853603)"
39078099,5/1/2018 0:00,Department of Health and Mental Hygiene,Food Poisoning,1 or 2,Restaurant/Bar/Deli/Bakery,CENTRAL PARK,Unspecified,10000,40.78229521,-73.96519444,"(40.782295208794295, -73.96519444362545)"
39074782,5/1/2018 9:13,Traffic Management Center,Illegal Parking,Parking Permit Improper Use,Street/Sidewalk,BROOKLYN COLLEGE,BROOKLYN,11210,40.63128461,-73.952116,"(40.63128460590185, -73.95211599846469)"
39072996,5/1/2018 14:36,Department of Parks and Recreation,DPR Internal,Aided/Injury,Park,PROSPECT PARK,BROOKLYN,11215,40.6613542,-73.9696801,"(40.66135420007725, -73.96968010080575)"
39081103,5/1/2018 14:56,Department of Parks and Recreation,DPR Internal,Aided/Injury,Park,FLUSHING MEADOWS CORONA PARK,QUEENS,11368,40.74237706,-73.84215698,"(40.742377064999275, -73.84215697754966)"
39075656,5/1/2018 15:34,Department of Parks and Recreation,DPR Internal,Property,Park,HUDSON RIVER PARK,MANHATTAN,10011,40.74980512,-74.00897956,"(40.74980512361341, -74.00897956095878)"
39076408,5/1/2018 15:51,New York City Police Department,Drinking,In Public,Park/Playground,CENTRAL PARK,MANHATTAN,10000,40.78229521,-73.96519444,"(40.782295208794295, -73.96519444362545)"
39081552,5/1/2018 16:40,New York City Police Department,Noise - Vehicle,Car/Truck Music,Street/Sidewalk,UNION SQUARE PARK,MANHATTAN,10003,40.73595507,-73.99047744,"(40.73595506911933, -73.99047743742598)"
39077795,5/1/2018 17:57,New York City Police Department,Noise - Park,Loud Music/Party,Park/Playground,CENTRAL PARK,MANHATTAN,10000,40.78229521,-73.96519444,"(40.782295208794295, -73.96519444362545)"
39079470,5/1/2018 20:04,New York City Police Department,Noise - Park,Loud Music/Party,Park/Playground,PIER 26,MANHATTAN,10013,40.72139382,-74.01284309,"(40.721393816566334, -74.01284309058833)"
39073126,5/1/2018 20:24,New York City Police Department,Noise - Park,Loud Music/Party,Park/Playground,PIER 26,MANHATTAN,10013,40.72139382,-74.01284309,"(40.721393816566334, -74.01284309058833)"
39074208,5/1/2018 21:08,New York City Police Department,Noise - Park,Loud Music/Party,Park/Playground,SUNSET PARK,BROOKLYN,11232,40.6480432,-74.00384148,"(40.64804319715383, -74.00384148403383)"
39092126,5/2/2018 10:26,Department of Transportation,Street Sign - Damaged,Other/Unknown,Street,BKLYN PUBLIC LIBRARY CTR BRANCH,BROOKLYN,11238,40.67231916,-73.96810336,"(40.67231916068355, -73.96810335555394)"
39090224,5/2/2018 23:24,New York City Police Department,Noise - Park,Loud Music/Party,Park/Playground,FRIENDS FIELD PARK,BROOKLYN,11230,40.6187422,-73.97287648,"(40.618742195365755, -73.97287647520812)"
39094258,5/3/2018 8:20,Department of Parks and Recreation,Maintenance or Facility,Structure - Outdoors,Street/Curbside,MEADOW LAKE,QUEENS,11367,40.73619707,-73.84103136,"(40.73619707023759, -73.84103135759476)"
39099961,5/3/2018 8:29,New York City Police Department,Noise - Vehicle,Car/Truck Music,Street/Sidewalk,J F K AIRPORT,QUEENS,11430,40.64832049,-73.78828125,"(40.64832048620134, -73.78828125130184)"
39105121,5/5/2018 0:39,New York City Police Department,Noise - Vehicle,Car/Truck Music,Street/Sidewalk,HARRIS FIELD,BRONX,10468,40.87637709,-73.89194972,"(40.87637708743495, -73.89194971703174)"
39113219,5/5/2018 9:26,Department of Parks and Recreation,DPR Internal,Aided/Injury,Park,CONEY ISLAND HOSPITAL,BROOKLYN,11235,40.58615127,-73.9655919,"(40.586151272301464, -73.96559189570597)"
39116065,5/5/2018 10:41,Department of Parks and Recreation,DPR Internal,Aided/Injury,Park,WASHINGTON SQUARE PARK,MANHATTAN,10011,40.73088313,-73.99759338,"(40.730883132114464, -73.9975933816647)"
39118419,5/5/2018 13:38,New York City Police Department,Traffic,Congestion/Gridlock,Street/Sidewalk,CITY COLLEGE,MANHATTAN,10031,40.8181004,-73.9507496,"(40.818100397236414, -73.95074959686129)"
39114121,5/5/2018 14:16,Department of Parks and Recreation,DPR Internal,Aided/Injury,Park,BROOKLYN BRIDGE PARK,BROOKLYN,11201,40.70143729,-73.99592462,"(40.70143729448085, -73.99592462136417)"
39119956,5/6/2018 0:27,New York City Police Department,Noise - Street/Sidewalk,Loud Music/Party,Street/Sidewalk,BROOKLYN MUSEUM,BROOKLYN,11238,40.67118702,-73.96375279,"(40.67118702447339, -73.96375278956437)"
39128178,5/7/2018 10:48,Department of Parks and Recreation,DPR Internal,Aided/Injury,Park,MCCARREN PARK,BROOKLYN,11222,40.72084647,-73.95180273,"(40.72084647199604, -73.95180272776703)"
39133269,5/7/2018 11:34,Department of Parks and Recreation,Animal in a Park,Injured Wildlife,Park,OCEAN BREEZE PARK,STATEN ISLAND,10305,40.58696624,-74.07927967,"(40.58696623776864, -74.07927966795522)"
39127280,5/7/2018 11:44,Department of Parks and Recreation,Violation of Park Rules,Unlicensed Vendors,Park,CENTRAL PARK,MANHATTAN,10000,40.78229521,-73.96519444,"(40.782295208794295, -73.96519444362545)"
39134146,5/7/2018 14:17,Department of Parks and Recreation,DPR Internal,Property,Park,PROSPECT PARK,BROOKLYN,11215,40.6613542,-73.9696801,"(40.66135420007725, -73.96968010080575)"
39134774,5/7/2018 15:11,Department of Parks and Recreation,DPR Internal,Property,Park,MARINE PARK,BROOKLYN,11229,40.60081723,-73.93031161,"(40.60081722577983, -73.93031160938723)"
39140716,5/8/2018 8:55,Department of Parks and Recreation,Animal in a Park,Injured Wildlife,Park,MORNINGSIDE PARK,MANHATTAN,10026,40.80577962,-73.95843822,"(40.80577962325473, -73.95843821630783)"
39140515,5/8/2018 12:50,New York City Police Department,Noise - Park,Loud Music/Party,Park/Playground,CENTRAL PARK,MANHATTAN,10000,40.78229521,-73.96519444,"(40.782295208794295, -73.96519444362545)"
39137434,5/8/2018 14:28,Department of Parks and Recreation,Maintenance or Facility,Structure - Outdoors,Park,OCEAN BREEZE PARK,STATEN ISLAND,10305,40.58696624,-74.07927967,"(40.58696623776864, -74.07927966795522)"
39139324,5/8/2018 14:28,New York City Police Department,Noise - Park,Loud Music/Party,Park/Playground,UNION SQUARE PARK,MANHATTAN,10003,40.73595507,-73.99047744,"(40.73595506911933, -73.99047743742598)"
39144055,5/8/2018 14:33,New York City Police Department,Noise - Park,Loud Music/Party,Park/Playground,UNION SQUARE PARK,MANHATTAN,10003,40.73595507,-73.99047744,"(40.73595506911933, -73.99047743742598)"
39139276,5/8/2018 14:33,New York City Police Department,Noise - Park,Loud Talking,Park/Playground,UNION SQUARE PARK,MANHATTAN,10003,40.73595507,-73.99047744,"(40.73595506911933, -73.99047743742598)"
39139413,5/8/2018 14:40,New York City Police Department,Noise - Park,Loud Music/Party,Park/Playground,UNION SQUARE PARK,MANHATTAN,10003,40.73595507,-73.99047744,"(40.73595506911933, -73.99047743742598)"
39151360,5/9/2018 7:31,New York City Police Department,Noise - Park,Loud Music/Party,Park/Playground,SEWARD PARK,MANHATTAN,10002,40.71480112,-73.98929007,"(40.71480112162423, -73.9892900662011)"
39148342,5/9/2018 13:00,New York City Police Department,Noise - Park,Loud Music/Party,Park/Playground,CENTRAL PARK,MANHATTAN,10000,40.78229521,-73.96519444,"(40.782295208794295, -73.96519444362545)"
39144960,5/9/2018 20:26,New York City Police Department,Noise - Park,Loud Music/Party,Park/Playground,SUNSET PARK,BROOKLYN,11232,40.6480432,-74.00384148,"(40.64804319715383, -74.00384148403383)"
39161539,5/10/2018 8:36,New York City Police Department,Noise - Park,Loud Music/Party,Park/Playground,SUNSET PARK,BROOKLYN,11232,40.6480432,-74.00384148,"(40.64804319715383, -74.00384148403383)"
39155367,5/10/2018 14:49,New York City Police Department,Vending,In Prohibited Area,Park/Playground,CENTRAL PARK,MANHATTAN,10000,40.78229521,-73.96519444,"(40.782295208794295, -73.96519444362545)"
39158589,5/10/2018 18:55,Department of Parks and Recreation,Violation of Park Rules,Obstructing Public Use,Park,FLUSHING MEADOW PARK,QUEENS,11368,40.74237706,-73.84215698,"(40.742377064999275, -73.84215697754966)"
39162191,5/10/2018 21:34,Department of Parks and Recreation,DPR Internal,Aided/Injury,Recreation Center,FLUSHING MEADOW PARK,QUEENS,11368,40.74237706,-73.84215698,"(40.742377064999275, -73.84215697754966)"
39169291,5/11/2018 11:44,Department of Parks and Recreation,DPR Internal,Aided/Injury,Park,FLUSHING MEADOWS CORONA PARK,QUEENS,11368,40.74237706,-73.84215698,"(40.742377064999275, -73.84215697754966)"
39168609,5/11/2018 21:03,New York City Police Department,Noise - Park,Loud Music/Party,Park/Playground,EWEN PARK,BRONX,10463,40.88219761,-73.91001833,"(40.88219761192211, -73.91001832917962)"
39175530,5/12/2018 0:00,Department of Health and Mental Hygiene,Rodent,Rat Sighting,Other (Explain Below),JFK,QUEENS,11430,40.64832049,-73.78828125,"(40.64832048620134, -73.78828125130184)"
39166333,5/12/2018 0:29,New York City Police Department,Noise - Park,Loud Music/Party,Park/Playground,INWOOD HILL PARK,MANHATTAN,10034,40.87244554,-73.92513113,"(40.8724455362315, -73.92513113415541)"
39180499,5/13/2018 14:17,Department of Parks and Recreation,Maintenance or Facility,Structure - Outdoors,Park,PELHAM BAY PARK,BRONX,10465,40.85690624,-73.8248876,"(40.8569062428053, -73.82488760016611)"
39190069,5/14/2018 16:47,Department of Parks and Recreation,Violation of Park Rules,Unlicensed Vendors,Park,CLOVE LAKE PARK,STATEN ISLAND,10310,40.61931497,-74.11371089,"(40.61931496873211, -74.11371089040878)"
39196586,5/15/2018 9:38,Department of Parks and Recreation,Violation of Park Rules,Obstructing Public Use,Park,COLONEL YOUNG PLAYGROUND,MANHATTAN,10037,40.81919903,-73.9355601,"(40.81919903067389, -73.93556009937095)"
39199383,5/15/2018 10:16,Department of Parks and Recreation,Violation of Park Rules,Obstructing Public Use,Park,VIRGINIA PARK,BRONX,10472,40.83347857,-73.86218114,"(40.83347857248845, -73.8621811402155)"
39195579,5/15/2018 14:32,Department of Parks and Recreation,Violation of Park Rules,Unlicensed Vendors,Park,BENSON PLAYGROUND,BROOKLYN,11214,40.60243855,-74.00224714,"(40.60243854929026, -74.0022471376162)"
39199127,5/15/2018 15:43,Department of Parks and Recreation,Violation of Park Rules,Unlicensed Vendors,Park,KOLBERT PARK,BROOKLYN,11230,40.62009913,-73.95796308,"(40.62009912622072, -73.9579630841687)"
39193613,5/15/2018 16:20,Department of Parks and Recreation,Animal in a Park,Injured Wildlife,Park,MARINE PARK,BROOKLYN,11229,40.60081723,-73.93031161,"(40.60081722577983, -73.93031160938723)"
39208037,5/16/2018 12:31,Department of Parks and Recreation,DPR Internal,Aided/Injury,Recreation Center,FLUSHING MEADOW PARK,QUEENS,11368,40.74237706,-73.84215698,"(40.742377064999275, -73.84215697754966)"
39206536,5/16/2018 15:00,Taxi and Limousine Commission,Taxi Complaint,Driver Complaint,Street,J F K AIRPORT,QUEENS,11430,40.64832049,-73.78828125,"(40.64832048620134, -73.78828125130184)"
39213816,5/17/2018 21:42,New York City Police Department,Noise - Park,Loud Music/Party,Park/Playground,MEADOW LAKE,QUEENS,11367,40.73619707,-73.84103136,"(40.73619707023759, -73.84103135759476)"
39227327,5/18/2018 9:41,Department of Parks and Recreation,DPR Internal,Property,Park,HUDSON RIVER PARK,MANHATTAN,10011,40.74980512,-74.00897956,"(40.74980512361341, -74.00897956095878)"
39229335,5/18/2018 10:47,Department of Parks and Recreation,DPR Internal,Property,Park,HUDSON RIVER PARK,MANHATTAN,10011,40.74980512,-74.00897956,"(40.74980512361341, -74.00897956095878)"
39226359,5/18/2018 21:10,New York City Police Department,Vending,Unlicensed,Street/Sidewalk,YANKEE STADIUM,BRONX,10452,40.8296455,-73.92650544,"(40.829645497269496, -73.9265054412993)"
39237307,5/20/2018 14:28,Department of Parks and Recreation,Violation of Park Rules,Unlicensed Vendors,Park,HINTON PARK,QUEENS,11368,40.75599411,-73.85493118,"(40.75599410867705, -73.85493117742631)"
39239809,5/20/2018 14:48,Department of Parks and Recreation,Violation of Park Rules,Unlicensed Vendors,Park,SAINT MARYS PARK,BRONX,10455,40.81170706,-73.9122992,"(40.81170706343431, -73.91229919908024)"
39248240,5/21/2018 12:34,Taxi and Limousine Commission,For Hire Vehicle Complaint,Driver Complaint,Street,LA GUARDIA AIRPORT,QUEENS,11369,40.77442087,-73.87729411,"(40.77442086598845, -73.87729410513894)"
39245630,5/21/2018 14:37,Department of Parks and Recreation,Animal in a Park,Injured Wildlife,Park,ALLEY POND PARK,QUEENS,11364,40.7528419,-73.74636962,"(40.75284189973842, -73.7463696244017)"
39253974,5/22/2018 6:45,Department of Health and Mental Hygiene,Food Establishment,Bare Hands in Contact w/ Food,Other (Explain Below),LA GUARDIA AIRPORT,QUEENS,11369,40.77442087,-73.87729411,"(40.77442086598845, -73.87729410513894)"
39266988,5/23/2018 9:30,Department of Parks and Recreation,Violation of Park Rules,Obstructing Public Use,Park,HERBERT VON KING PARK,BROOKLYN,11216,40.68967189,-73.94662556,"(40.68967189289228, -73.94662556274103)"
39269598,5/23/2018 10:44,Department of Parks and Recreation,Violation of Park Rules,Unlicensed Vendors,Park,FLUSHING MEADOW PARK,QUEENS,11368,40.74237706,-73.84215698,"(40.742377064999275, -73.84215697754966)"
39263340,5/23/2018 18:13,Department of Transportation,Street Condition,Line/Marking - Faded,Street,NEW CALVARY CEMETERY,QUEENS,11377,40.74061263,-73.91200305,"(40.74061262629657, -73.91200304680068)"
